{"cameraMode":{"drawMode":0,"name":"Shaded","section":"Shading Mode"},"sceneLighting":false,"audioPlay":false,"sceneViewState":{"showFog":true,"showMaterialUpdate":false,"showSkybox":false,"showFlares":true,"showImageEffects":true,"showParticleSystems":true},"in2DMode":false,"pivot":{"x":2.135697603225708,"y":3.0265250205993654,"z":-1.8665896654129029},"rotation":{"x":0.2694675326347351,"y":-0.5052706599235535,"z":0.1701764464378357,"w":0.8021684885025024},"size":4.973255634307861,"orthographic":true}