{"cameraMode":{"drawMode":0,"name":"Shaded","section":"Shading Mode"},"sceneLighting":false,"audioPlay":false,"sceneViewState":{"showFog":true,"showMaterialUpdate":false,"showSkybox":false,"showFlares":true,"showImageEffects":true,"showParticleSystems":true},"in2DMode":false,"pivot":{"x":2.5981314182281496,"y":2.4454288482666017,"z":-2.438218355178833},"rotation":{"x":-0.12230434268712998,"y":-0.8703393936157227,"z":0.4104500114917755,"w":-0.24336101114749909},"size":6.369686126708984,"orthographic":false}