{"cameraMode":{"drawMode":0,"name":"Shaded","section":"Shading Mode"},"sceneLighting":false,"audioPlay":false,"sceneViewState":{"showFog":true,"showMaterialUpdate":false,"showSkybox":false,"showFlares":true,"showImageEffects":true,"showParticleSystems":true},"in2DMode":false,"pivot":{"x":-6.531285285949707,"y":-10.737479209899903,"z":9.614655494689942},"rotation":{"x":0.3640558123588562,"y":-0.28673315048217776,"z":0.11887107789516449,"w":0.8781628608703613},"size":20.116069793701173,"orthographic":false}