{"cameraMode":{"drawMode":0,"name":"Shaded","section":"Shading Mode"},"sceneLighting":false,"audioPlay":false,"sceneViewState":{"showFog":true,"showMaterialUpdate":false,"showSkybox":false,"showFlares":true,"showImageEffects":true,"showParticleSystems":true},"in2DMode":false,"pivot":{"x":3.6487600803375246,"y":0.8032892942428589,"z":2.8216922283172609},"rotation":{"x":-0.4520820379257202,"y":0.131178081035614,"z":-0.06715577095746994,"w":-0.8798631429672241},"size":15.661458969116211,"orthographic":true}