{"cameraMode":{"drawMode":0,"name":"Shaded","section":"Shading Mode"},"sceneLighting":false,"audioPlay":false,"sceneViewState":{"showFog":true,"showMaterialUpdate":false,"showSkybox":false,"showFlares":true,"showImageEffects":true,"showParticleSystems":true},"in2DMode":false,"pivot":{"x":0.06357431411743164,"y":-0.06645235419273377,"z":-1.835758924484253},"rotation":{"x":-0.09079676866531372,"y":0.8494994640350342,"z":-0.4961276948451996,"w":-0.15532535314559937},"size":9.897331237792969,"orthographic":true}