{"cameraMode":{"drawMode":0,"name":"Shaded","section":"Shading Mode"},"sceneLighting":false,"audioPlay":false,"sceneViewState":{"showFog":true,"showMaterialUpdate":false,"showSkybox":false,"showFlares":true,"showImageEffects":true,"showParticleSystems":true},"in2DMode":false,"pivot":{"x":-2.530890941619873,"y":0.027285397052764894,"z":-2.566037178039551},"rotation":{"x":0.06453298777341843,"y":-0.3188798725605011,"z":0.026944709941744806,"w":0.9452230930328369},"size":3.1578354835510256,"orthographic":false}