{"cameraMode":{"drawMode":0,"name":"Shaded","section":"Shading Mode"},"sceneLighting":false,"audioPlay":false,"sceneViewState":{"showFog":true,"showMaterialUpdate":false,"showSkybox":false,"showFlares":true,"showImageEffects":true,"showParticleSystems":true},"in2DMode":false,"pivot":{"x":-2.6492390632629396,"y":2.887834310531616,"z":-7.493129253387451},"rotation":{"x":-0.27307507395744326,"y":0.19546951353549958,"z":-0.056649599224328998,"w":-0.9403464794158936},"size":7.205084323883057,"orthographic":true}