{"cameraMode":{"drawMode":0,"name":"Shaded","section":"Shading Mode"},"sceneLighting":false,"audioPlay":false,"sceneViewState":{"showFog":true,"showMaterialUpdate":false,"showSkybox":false,"showFlares":true,"showImageEffects":true,"showParticleSystems":true},"in2DMode":false,"pivot":{"x":-2.4509341716766359,"y":-0.027285456657409669,"z":-2.469109296798706},"rotation":{"x":0.02851378172636032,"y":-0.9712627530097961,"z":0.15574850142002107,"w":0.17794182896614076},"size":3.184843063354492,"orthographic":false}