{"cameraMode":{"drawMode":0,"name":"Shaded","section":"Shading Mode"},"sceneLighting":false,"audioPlay":false,"sceneViewState":{"showFog":true,"showMaterialUpdate":false,"showSkybox":false,"showFlares":true,"showImageEffects":true,"showParticleSystems":true},"in2DMode":false,"pivot":{"x":1.6618928909301758,"y":8.691362380981446,"z":0.6015617847442627},"rotation":{"x":0.1497974395751953,"y":-0.7292321920394898,"z":0.5468984246253967,"w":0.383148729801178},"size":7.948537826538086,"orthographic":false}