{"cameraMode":{"drawMode":0,"name":"Shaded","section":"Shading Mode"},"sceneLighting":false,"audioPlay":false,"sceneViewState":{"showFog":true,"showMaterialUpdate":false,"showSkybox":false,"showFlares":true,"showImageEffects":true,"showParticleSystems":true},"in2DMode":false,"pivot":{"x":-1.6805922985076905,"y":2.1061758995056154,"z":-7.6889753341674809},"rotation":{"x":-0.004210162442177534,"y":0.9945926070213318,"z":-0.09637665748596192,"w":-0.0426732562482357},"size":1.8760751485824586,"orthographic":true}