{"cameraMode":{"drawMode":0,"name":"Shaded","section":"Shading Mode"},"sceneLighting":false,"audioPlay":false,"sceneViewState":{"showFog":true,"showMaterialUpdate":false,"showSkybox":false,"showFlares":true,"showImageEffects":true,"showParticleSystems":true},"in2DMode":false,"pivot":{"x":0.18963515758514405,"y":1.249999761581421,"z":-1.0691425800323487},"rotation":{"x":-0.01729738898575306,"y":-0.9795802235603333,"z":0.1758391559123993,"w":-0.09700185805559159},"size":27.325437545776368,"orthographic":true}