{"cameraMode":{"drawMode":0,"name":"Shaded","section":"Shading Mode"},"sceneLighting":false,"audioPlay":false,"sceneViewState":{"showFog":true,"showMaterialUpdate":false,"showSkybox":false,"showFlares":true,"showImageEffects":true,"showParticleSystems":true},"in2DMode":false,"pivot":{"x":-0.49999988079071047,"y":0.03044724464416504,"z":2.5068702697753908},"rotation":{"x":0.22980600595474244,"y":-0.47392234206199648,"z":0.12962955236434937,"w":0.8401413559913635},"size":4.3922834396362309,"orthographic":false}