{"cameraMode":{"drawMode":0,"name":"Shaded","section":"Shading Mode"},"sceneLighting":false,"audioPlay":false,"sceneViewState":{"showFog":true,"showMaterialUpdate":false,"showSkybox":false,"showFlares":true,"showImageEffects":true,"showParticleSystems":true},"in2DMode":false,"pivot":{"x":-2.469437599182129,"y":1.1628878116607667,"z":-7.882625102996826},"rotation":{"x":-0.1615409553050995,"y":0.06599129736423493,"z":-0.01082771085202694,"w":-0.9847034811973572},"size":4.320468902587891,"orthographic":true}