{"cameraMode":{"drawMode":0,"name":"Shaded","section":"Shading Mode"},"sceneLighting":false,"audioPlay":false,"sceneViewState":{"showFog":true,"showMaterialUpdate":false,"showSkybox":false,"showFlares":true,"showImageEffects":true,"showParticleSystems":true},"in2DMode":false,"pivot":{"x":-3.8872008323669435,"y":-1.706502914428711,"z":-1.2181472778320313},"rotation":{"x":0.01763392798602581,"y":-0.8099111914634705,"z":0.5853034853935242,"w":0.03565466031432152},"size":22.497343063354493,"orthographic":false}