{"cameraMode":{"drawMode":0,"name":"Shaded","section":"Shading Mode"},"sceneLighting":false,"audioPlay":false,"sceneViewState":{"showFog":true,"showMaterialUpdate":false,"showSkybox":false,"showFlares":true,"showImageEffects":true,"showParticleSystems":true},"in2DMode":false,"pivot":{"x":2.25,"y":0.03044748306274414,"z":0.006870269775390625},"rotation":{"x":-0.07842031866312027,"y":0.9096482396125794,"z":-0.3555257022380829,"w":-0.20041179656982423},"size":12.853058815002442,"orthographic":true}