{"cameraMode":{"drawMode":0,"name":"Shaded","section":"Shading Mode"},"sceneLighting":false,"audioPlay":false,"sceneViewState":{"showFog":true,"showMaterialUpdate":false,"showSkybox":false,"showFlares":true,"showImageEffects":true,"showParticleSystems":true},"in2DMode":false,"pivot":{"x":-3.3766252994537355,"y":-2.2974274158477785,"z":-7.910263538360596},"rotation":{"x":-0.2294457107782364,"y":0.5959584712982178,"z":-0.1826377809047699,"w":-0.7476968169212341},"size":9.694184303283692,"orthographic":true}