{"cameraMode":{"drawMode":0,"name":"Shaded","section":"Shading Mode"},"sceneLighting":false,"audioPlay":false,"sceneViewState":{"showFog":true,"showMaterialUpdate":false,"showSkybox":false,"showFlares":true,"showImageEffects":true,"showParticleSystems":true},"in2DMode":false,"pivot":{"x":1.1069995164871216,"y":1.1920928955078126e-7,"z":-2.139374017715454},"rotation":{"x":0.23698391020298005,"y":-0.2945614457130432,"z":0.07566274702548981,"w":0.922735869884491},"size":2.857941150665283,"orthographic":true}