{"cameraMode":{"drawMode":0,"name":"Shaded","section":"Shading Mode"},"sceneLighting":false,"audioPlay":false,"sceneViewState":{"showFog":true,"showMaterialUpdate":false,"showSkybox":false,"showFlares":true,"showImageEffects":true,"showParticleSystems":true},"in2DMode":false,"pivot":{"x":0.04906582832336426,"y":-0.09906545281410217,"z":-2.590258836746216},"rotation":{"x":-0.8486685752868652,"y":0.054638322442770007,"z":0.08943958580493927,"w":0.5184542536735535},"size":23.062938690185548,"orthographic":true}