{"cameraMode":{"drawMode":0,"name":"Shaded","section":"Shading Mode"},"sceneLighting":false,"audioPlay":false,"sceneViewState":{"showFog":true,"showMaterialUpdate":false,"showSkybox":false,"showFlares":true,"showImageEffects":true,"showParticleSystems":true},"in2DMode":false,"pivot":{"x":0.07536721229553223,"y":-1.1920928955078126e-7,"z":-2.3815817832946779},"rotation":{"x":-0.013805316761136055,"y":0.9583767056465149,"z":-0.046585142612457278,"w":-0.28170207142829897},"size":14.731035232543946,"orthographic":true}