{"cameraMode":{"drawMode":0,"name":"Shaded","section":"Shading Mode"},"sceneLighting":false,"audioPlay":false,"sceneViewState":{"showFog":true,"showMaterialUpdate":false,"showSkybox":false,"showFlares":true,"showImageEffects":true,"showParticleSystems":true},"in2DMode":false,"pivot":{"x":4.503362655639648,"y":2.8102240562438967,"z":-4.260810852050781},"rotation":{"x":0.1753079742193222,"y":-0.37335440516471865,"z":0.07936999946832657,"w":0.9075983762741089},"size":5.397937774658203,"orthographic":false}